<?xml version="1.0" encoding="UTF-8"?>
<mule xmlns:doc="http://www.mulesoft.org/schema/mule/documentation" xmlns="http://www.mulesoft.org/schema/mule/core" xmlns:apikit="http://www.mulesoft.org/schema/mule/apikit" xmlns:http="http://www.mulesoft.org/schema/mule/http" xmlns:spring="http://www.springframework.org/schema/beans" xmlns:xsi="http://www.w3.org/2001/XMLSchema-instance" xsi:schemaLocation="http://www.mulesoft.org/schema/mule/core http://www.mulesoft.org/schema/mule/core/current/mule.xsd
http://www.mulesoft.org/schema/mule/http http://www.mulesoft.org/schema/mule/http/current/mule-http.xsd
http://www.mulesoft.org/schema/mule/apikit http://www.mulesoft.org/schema/mule/apikit/current/mule-apikit.xsd
http://www.springframework.org/schema/beans http://www.springframework.org/schema/beans/spring-beans-3.1.xsd">
    <http:listener-config name="developers-httpListenerConfig" host="0.0.0.0" port="8081" doc:name="HTTP Listener Configuration"/>
    <apikit:config name="developers-config" raml="developers.raml" consoleEnabled="false" doc:name="Router"/>
    <flow name="developers-main">
        <http:listener config-ref="developers-httpListenerConfig" path="/api/*" doc:name="HTTP"/>
        <apikit:router config-ref="developers-config" doc:name="APIkit Router"/>
        <exception-strategy ref="developers-apiKitGlobalExceptionMapping" doc:name="Reference Exception Strategy"/>
    </flow>
    <flow name="developers-console">
        <http:listener config-ref="developers-httpListenerConfig" path="/console/*" doc:name="HTTP"/>
        <apikit:console config-ref="developers-config" doc:name="APIkit Console"/>
    </flow>
    <flow name="get:/countries:developers-config">
        <set-payload value="{&quot;countries&quot;:[
    {&quot;name&quot;:&quot;India&quot;,&quot;developers&quot;:[{&quot;name&quot;:&quot;Anand&quot;,&quot;grade&quot;:&quot;P1&quot;,&quot;dob&quot;:&quot;01/01/1990&quot;},{&quot;name&quot;:&quot;Suyog&quot;,&quot;grade&quot;:&quot;P2&quot;,&quot;dob&quot;:&quot;01/01/1992&quot;}]},
    {&quot;name&quot;:&quot;Pakistan&quot;,&quot;developers&quot;:[{&quot;name&quot;:&quot;Abdul&quot;,&quot;grade&quot;:&quot;P1&quot;,&quot;dob&quot;:&quot;01/01/1993&quot;},{&quot;name&quot;:&quot;Anand&quot;,&quot;grade&quot;:&quot;P2&quot;,&quot;dob&quot;:&quot;01/01/1994&quot;},{&quot;name&quot;:&quot;Ambli&quot;,&quot;grade&quot;:&quot;P2&quot;,&quot;dob&quot;:&quot;01/01/1995&quot;}]}]}" doc:name="Set Payload"/>
        <set-variable variableName="countryName" value="#[message.inboundProperties.'http.query.params'.countryName]" doc:name="countryName"/>
        <set-variable variableName="headerGrade" value="#[message.inboundProperties.'headerGrade']" doc:name="headerGrade"/>
        <flow-ref name="getDevelopersByGradeAndCountry" doc:name="getDevelopersByGradeAndCountry"/>

    </flow>
    <flow name="get:/countries/developers:developers-config">
        <set-payload value="{&quot;countries&quot;:[
    {&quot;name&quot;:&quot;India&quot;,&quot;developers&quot;:[{&quot;name&quot;:&quot;Anand&quot;,&quot;grade&quot;:&quot;P1&quot;,&quot;dob&quot;:&quot;01/01/1990&quot;},{&quot;name&quot;:&quot;Suyog&quot;,&quot;grade&quot;:&quot;P2&quot;,&quot;dob&quot;:&quot;01/01/1992&quot;}]},
    {&quot;name&quot;:&quot;Pakistan&quot;,&quot;developers&quot;:[{&quot;name&quot;:&quot;Abdul&quot;,&quot;grade&quot;:&quot;P1&quot;,&quot;dob&quot;:&quot;01/01/1993&quot;},{&quot;name&quot;:&quot;Anand&quot;,&quot;grade&quot;:&quot;P2&quot;,&quot;dob&quot;:&quot;01/01/1994&quot;},{&quot;name&quot;:&quot;Ambli&quot;,&quot;grade&quot;:&quot;P2&quot;,&quot;dob&quot;:&quot;01/01/1995&quot;}]}]}" doc:name="Set Payload"/>
        <set-variable variableName="devName" value="#[message.inboundProperties.'http.query.params'.devName]" doc:name="devName"/>
        <flow-ref name="getDevelopersByName" doc:name="getDevelopersByName"/>
    </flow>
    <flow name="get:/countries/{NAME}:developers-config">
        <set-payload value="{&quot;countries&quot;:[
    {&quot;name&quot;:&quot;India&quot;,&quot;developers&quot;:[{&quot;name&quot;:&quot;Anand&quot;,&quot;grade&quot;:&quot;P1&quot;,&quot;dob&quot;:&quot;01/01/1990&quot;},{&quot;name&quot;:&quot;Suyog&quot;,&quot;grade&quot;:&quot;P2&quot;,&quot;dob&quot;:&quot;01/01/1992&quot;}]},
    {&quot;name&quot;:&quot;Pakistan&quot;,&quot;developers&quot;:[{&quot;name&quot;:&quot;Abdul&quot;,&quot;grade&quot;:&quot;P1&quot;,&quot;dob&quot;:&quot;01/01/1993&quot;},{&quot;name&quot;:&quot;Anand&quot;,&quot;grade&quot;:&quot;P2&quot;,&quot;dob&quot;:&quot;01/01/1994&quot;},{&quot;name&quot;:&quot;Ambli&quot;,&quot;grade&quot;:&quot;P2&quot;,&quot;dob&quot;:&quot;01/01/1995&quot;}]}]}" doc:name="Set Payload"/>
        <set-variable variableName="name" value="#[message.inboundProperties.'http.uri.params'.NAME]" doc:name="Variable"/>
        <flow-ref name="getCountriesByName" doc:name="getCountriesByName"/>
    </flow>
    <apikit:mapping-exception-strategy name="developers-apiKitGlobalExceptionMapping">
        <apikit:mapping statusCode="404">
            <apikit:exception value="org.mule.module.apikit.exception.NotFoundException" />
            <set-property propertyName="Content-Type" value="application/json" doc:name="Property"/>
            <set-payload value="{ &quot;message&quot;: &quot;no results found&quot; }" doc:name="Set Payload"/>
        </apikit:mapping>
        <apikit:mapping statusCode="405">
            <apikit:exception value="org.mule.module.apikit.exception.MethodNotAllowedException" />
            <set-property propertyName="Content-Type" value="application/json" doc:name="Property"/>
            <set-payload value="{ &quot;message&quot;: &quot;Method not allowed&quot; }" doc:name="Set Payload"/>
        </apikit:mapping>
        <apikit:mapping statusCode="415">
            <apikit:exception value="org.mule.module.apikit.exception.UnsupportedMediaTypeException" />
            <set-property propertyName="Content-Type" value="application/json" doc:name="Property"/>
            <set-payload value="{ &quot;message&quot;: &quot;Unsupported media type&quot; }" doc:name="Set Payload"/>
        </apikit:mapping>
        <apikit:mapping statusCode="406">
            <apikit:exception value="org.mule.module.apikit.exception.NotAcceptableException" />
            <set-property propertyName="Content-Type" value="application/json" doc:name="Property"/>
            <set-payload value="{ &quot;message&quot;: &quot;Not acceptable&quot; }" doc:name="Set Payload"/>
        </apikit:mapping>
        <apikit:mapping statusCode="400">
            <apikit:exception value="org.mule.module.apikit.exception.BadRequestException" />
            <set-property propertyName="Content-Type" value="application/json" doc:name="Property"/>
            <set-payload value="{ &quot;message&quot;: &quot;Bad request&quot; }" doc:name="Set Payload"/>
        </apikit:mapping>
    </apikit:mapping-exception-strategy>
</mule>
