<?xml version="1.0" encoding="UTF-8"?>

<mule xmlns:validation="http://www.mulesoft.org/schema/mule/validation" xmlns:tracking="http://www.mulesoft.org/schema/mule/ee/tracking" xmlns="http://www.mulesoft.org/schema/mule/core" xmlns:doc="http://www.mulesoft.org/schema/mule/documentation"
	xmlns:spring="http://www.springframework.org/schema/beans" 
	xmlns:xsi="http://www.w3.org/2001/XMLSchema-instance"
	xsi:schemaLocation="http://www.springframework.org/schema/beans http://www.springframework.org/schema/beans/spring-beans-current.xsd
http://www.mulesoft.org/schema/mule/validation http://www.mulesoft.org/schema/mule/validation/current/mule-validation.xsd
http://www.mulesoft.org/schema/mule/ee/tracking http://www.mulesoft.org/schema/mule/ee/tracking/current/mule-tracking-ee.xsd
http://www.mulesoft.org/schema/mule/core http://www.mulesoft.org/schema/mule/core/current/mule.xsd">
    <flow name="getCountriesByName">
        <set-payload value="#[json:countries]" doc:name="Set Payload"/>
        <set-variable variableName="object" value="#[new java.lang.StringBuilder()]" doc:name="object"/>
        <foreach doc:name="For Each">
            <logger message="#[payload]" level="INFO" doc:name="Logger"/>
            <set-variable variableName="country" value="#[json:name]" doc:name="country"/>
            <choice tracking:enable-default-events="true" doc:name="Choice">
                <when expression="#[flowVars.NAME== flowVars.country]">
                    <set-payload value="#[json:developers]" doc:name="Set Payload"/>
                    <foreach doc:name="For Each">
                        <set-variable variableName="name" value="#[json:name]" doc:name="Variable"/>
                        <set-variable variableName="grade" value="#[json:grade]" doc:name="grade"/>
                        <set-variable variableName="dob" value="#[json:dob]" doc:name="dob"/>
                        <set-variable variableName="age" value="#[server.dateTime.year - new org.mule.el.datetime.DateTime(flowVars.dob,&quot;MM/dd/yyyy&quot;).year]" doc:name="age"/>
                        <expression-transformer expression="#[flowVars.object.append(&quot;{Detail: &quot; + flowVars.name + &quot; is &quot; + flowVars.grade + &quot; Developer from &quot; + flowVars.country+&quot; , age is&quot; + flowVars.age + &quot;}&quot;)]" doc:name="Expression"/>
                    </foreach>
                </when>
                <otherwise>
                    <set-payload value="no results found" doc:name="Set Payload"/>
                </otherwise>
            </choice>
        </foreach>
        <set-variable variableName="length" value="#[flowVars.object.length() == 0 ? 'null' : flowVars.object.length()]" doc:name="Variable"/>
        <validation:is-number message="no results found" exceptionClass="org.mule.module.apikit.exception.NotFoundException" value="#[flowVars.length]" numberType="INTEGER" doc:name="Validation"/>
        <set-payload value="&quot;{&quot;Developers&quot;:[&quot;  #[flowVars.object.toString()] &quot;]}&quot;" doc:name="Set Payload"/>
        <logger message="#[&quot;output---------&quot;+payload]" level="INFO" doc:name="Logger"/>
    </flow>
    <flow name="getDevelopersByName">
        <set-payload value="#[json:countries]" doc:name="Set Payload"/>
        <set-variable doc:name="object" value="#[new java.lang.StringBuilder()]" variableName="object"/>
        <foreach doc:name="For Each">
            <logger message="#[payload]" level="INFO" doc:name="Logger"/>
            <set-variable variableName="country" value="#[json:name]" doc:name="country"/>
            <set-payload value="#[json:developers]" doc:name="Set Payload"/>
            <foreach doc:name="For Each">
                <set-variable variableName="nam" value="#[json:name]" doc:name="nam"/>
                <choice doc:name="Choice">
                    <when expression="#[flowVars.devName==flowVars.nam]">
                        <set-variable variableName="name" value="#[json:name]" doc:name="name"/>
                        <set-variable variableName="grade" value="#[json:grade]" doc:name="grade"/>
                        <set-variable variableName="dob" value="#[json:dob]" doc:name="Variable"/>
                        <set-variable variableName="age" value="#[server.dateTime.year - new org.mule.el.datetime.DateTime(flowVars.dob,&quot;MM/dd/yyyy&quot;).year]" doc:name="age"/>
                        <expression-transformer expression="#[flowVars.object.append( &quot;{Detail: &quot; + flowVars.name + &quot; is &quot; + flowVars.grade + &quot; Developer from &quot; + flowVars.country+&quot; , age is&quot; + flowVars.age + &quot;}&quot;)]" doc:name="Expression"/>
                    </when>
                    <otherwise>
                        <set-payload value="#[      ]" doc:name="Set Payload"/>
                        <logger message="#[payload]" level="INFO" doc:name="Logger"/>
                    </otherwise>
                </choice>
            </foreach>
        </foreach>
        <set-variable variableName="length" value="#[flowVars.object.length() == 0 ? 0 : flowVars.object.length()]" doc:name="length"/>
        <validation:is-number message="noo results" exceptionClass="org.mule.module.apikit.exception.MethodNotAllowedException" value="#[flowVars.length]" numberType="INTEGER" doc:name="Validation"/>
        <set-payload value="&quot;{&quot;Developers&quot;:[&quot;#[flowVars.object.toString()]&quot;]}&quot;" doc:name="Set Payload"/>
        <logger message="#[&quot;output --------&quot;+payload]" level="INFO" doc:name="Logger"/>
    </flow>
    <flow name="getDevelopersByGradeAndCountry">
        <set-variable variableName="count" value="#[0]" doc:name="Variable"/>
        <set-payload value="#[json:countries]" doc:name="Set Payload"/>
        <set-variable variableName="object" value="#[new java.lang.StringBuilder()]" doc:name="object"/>
        <foreach doc:name="For Each">
            <logger message="#[payload]" level="INFO" doc:name="Logger"/>
            <set-variable variableName="country" value="#[json:name]" doc:name="country"/>
            <choice doc:name="Choice">
                <when expression="#[flowVars.countryName==flowVars.country]">
                    <set-payload value="#[json:developers]" doc:name="Set Payload"/>
                    <foreach doc:name="For Each">
                        <set-variable variableName="grade" value="#[json:grade]" doc:name="grade"/>
                        <choice doc:name="Choice">
                            <when expression="#[flowVars.headerGrade== flowVars.grade]">
                                <set-variable variableName="name" value="#[json:name]" doc:name="name"/>
                                <set-variable variableName="grade" value="#[json:grade]" doc:name="grade"/>
                                <set-variable variableName="dob" value="#[json:dob]" doc:name="Variable"/>
                                <set-variable variableName="age" value="#[server.dateTime.year - new org.mule.el.datetime.DateTime(flowVars.dob,&quot;MM/dd/yyyy&quot;).year]" doc:name="age"/>
                                <expression-transformer expression="#[flowVars.object.append( &quot;{Detail: &quot; + flowVars.name + &quot; is &quot; + flowVars.grade + &quot; Developer from &quot; + flowVars.country+&quot; , age is&quot; + flowVars.age + &quot;}&quot;)]" doc:name="Expression"/>
                                <set-variable variableName="Totalcount" value="#[flowVars.count+1]" doc:name="Totalcount"/>
                            </when>
                            <otherwise>
                                <set-payload value="#[      ]" doc:name="Set Payload"/>
                                <logger message="#[payload]" level="INFO" doc:name="Logger"/>
                            </otherwise>
                        </choice>
                    </foreach>
                </when>
                <otherwise>
                    <set-payload value="#[           ]" doc:name="Set Payload"/>
                    <logger message="#[payload]" level="INFO" doc:name="Logger"/>
                </otherwise>
            </choice>
        </foreach>
        <set-variable variableName="length" value="#[flowVars.object.length() == 0 ? 'null' : flowVars.object.length()]" doc:name="length"/>
        <validation:is-number message="noo results" exceptionClass="org.mule.module.apikit.exception.MethodNotAllowedException" value="#[flowVars.length]" numberType="INTEGER" doc:name="Validation"/>
        <set-payload value="&quot;{&quot;Data&quot;:{&quot;toatlDevelopers &quot;:&quot;#[flowVars.Totalcount]&quot;,&quot;Developers&quot;:[&quot;#[flowVars.object.toString()]&quot;]}&quot;" doc:name="Set Payload"/>
        <logger message="#[&quot;output --------&quot;+payload]" level="INFO" doc:name="Logger"/>
    </flow>
</mule>
